de,en,article,plural,theme,example
das Brot,bread,das,die Brote,Essen & Trinken,Ich esse ___ mit Käse.
das Brötchen,bread roll,das,die Brötchen,Essen & Trinken,Zum Frühstück esse ich ein ___.
die Butter,butter,die,,Essen & Trinken,Auf das Brot kommt ___.
der Käse,cheese,der,die Käse,Essen & Trinken,Auf der Pizza ist viel ___.
das Ei,egg,das,die Eier,Essen & Trinken,Zum Frühstück koche ich ein ___.
der Kaffee,coffee,der,die Kaffees,Essen & Trinken,Morgens trinke ich ___.
der Tee,tea,der,die Tees,Essen & Trinken,Abends trinke ich ___ mit Zitrone.
das Wasser,water,das,,Essen & Trinken,Ich trinke viel ___.
die Milch,milk,die,,Essen & Trinken,In den Kaffee kommt ___.
der Zucker,sugar,der,,Essen & Trinken,In den Tee kommt kein ___.
das Fleisch,meat,das,,Essen & Trinken,Vegetarier essen kein ___.
das Hähnchen,chicken,das,die Hähnchen,Essen & Trinken,Wir essen gern ___ mit Reis.
der Fisch,fish,der,die Fische,Essen & Trinken,In Hamburg essen wir viel ___.
das Gemüse,vegetables,das,,Essen & Trinken,Gesund ist viel ___.
die Kartoffel,potato,die,die Kartoffeln,Essen & Trinken,Zum Fleisch geben wir ___.
der Apfel,apple,der,die Äpfel,Essen & Trinken,Ein ___ am Tag ist gesund.
die Banane,banana,die,die Bananen,Essen & Trinken,Zum Müsli schneide ich eine ___.
das Frühstück,breakfast,das,die Frühstücke,Essen & Trinken,Um acht Uhr gibt es ___.
das Mittagessen,lunch,das,die Mittagessen,Essen & Trinken,Um zwölf Uhr essen wir ___.
das Abendessen,dinner,das,die Abendessen,Essen & Trinken,Abends kochen wir ___ zusammen.
lecker,tasty,,,Essen & Trinken,Der Kuchen schmeckt ___.
der Supermarkt,supermarket,der,die Supermärkte,Essen & Trinken,Wir kaufen Essen im ___.
das Restaurant,restaurant,das,die Restaurants,Essen & Trinken,Wir essen heute im ___.
die Rechnung,bill,die,die Rechnungen,Essen & Trinken,Im Restaurant fragen wir nach der ___.
die Wohnung,apartment,die,die Wohnungen,Wohnung,Ich suche eine kleine ___.
die Miete,rent,die,die Mieten,Wohnung,In Berlin ist die ___ hoch.
das Zimmer,room,das,die Zimmer,Wohnung,Die Wohnung hat drei ___.
die Küche,kitchen,die,die Küchen,Wohnung,Wir kochen in der ___.
das Bad,bathroom,das,die Bäder,Wohnung,Ich dusche im ___.
das Bett,bed,das,die Betten,Wohnung,Nachts schlafe ich im ___.
der Tisch,table,der,die Tische,Wohnung,Das Essen steht auf dem ___.
der Stuhl,chair,der,die Stühle,Wohnung,Auf dem ___ sitzt die Katze.
das Sofa,sofa,das,die Sofas,Wohnung,Abends liegen wir auf dem ___.
der Schlüssel,key,der,die Schlüssel,Wohnung,Ich öffne die Tür mit dem ___.
die Tür,door,die,die Türen,Wohnung,Bitte schließ die ___ ab.
das Fenster,window,das,die Fenster,Wohnung,Es ist heiß — mach das ___ auf.
der Umzug,move (flats),der,die Umzüge,Wohnung,Nächste Woche haben wir ___.
der Nachbar,neighbor,der,die Nachbarn,Wohnung,Mein ___ ist sehr freundlich.
der Name,name,der,die Namen,Smalltalk,Mein ___ ist Lucas.
die Stadt,city,die,die Städte,Smalltalk,Berlin ist eine große ___.
das Wetter,weather,das,,Smalltalk,Heute ist schönes ___.
der Freund,friend,der,die Freunde,Smalltalk,Am Samstag treffe ich einen ___.
die Familie,family,die,die Familien,Smalltalk,Meine ___ wohnt in München.
die Arbeit,work,die,die Arbeiten,Smalltalk,Von neun bis fünf habe ich ___.
das Hobby,hobby,das,die Hobbys,Smalltalk,Mein ___ ist Fotografieren.
das Wochenende,weekend,das,die Wochenenden,Smalltalk,Am ___ schlafe ich lange.
heißen,to be called,,,Smalltalk,Wir ___ Anna und Ben.
wohnen,to live,,,Smalltalk,Wir ___ in Berlin.
kommen,to come,,,Smalltalk,Wir ___ aus Spanien.
lernen,to learn,,,Smalltalk,Wir ___ jeden Tag Deutsch.
sprechen,to speak,,,Smalltalk,Wir ___ ein bisschen Deutsch.
machen,to do,,,Smalltalk,Wir ___ am Wochenende Sport.
essen,to eat,,,Smalltalk,Was ___ wir heute?
trinken,to drink,,,Smalltalk,Wir ___ viel Wasser.
lesen,to read,,,Smalltalk,Wir ___ ein Buch.
bleiben,to stay,,,Smalltalk,Wir ___ heute zu Hause.
gemütlich,cozy,,,Smalltalk,Das Café ist klein und ___.
müde,tired,,,Smalltalk,Heute bin ich sehr ___.
hungrig,hungry,,,Smalltalk,Ich bin ___ — lass uns essen!
alt,old,,,Smalltalk,Mein Auto ist zehn Jahre ___.
neu,new,,,Smalltalk,Meine Wohnung ist ganz ___.
gut,good,,,Smalltalk,Das Essen ist sehr ___.
die U-Bahn,subway,die,die U-Bahnen,Berlin & Alltag,Zur Arbeit fahre ich mit der ___.
der Bus,bus,der,die Busse,Berlin & Alltag,Der ___ kommt um acht Uhr.
der Zug,train,der,die Züge,Berlin & Alltag,Der ___ nach Hamburg fährt um neun.
der Bahnhof,train station,der,die Bahnhöfe,Berlin & Alltag,Ich warte dich am ___ ab.
der Flughafen,airport,der,die Flughäfen,Berlin & Alltag,Der ___ ist weit vom Zentrum.
das Fahrrad,bicycle,das,die Fahrräder,Berlin & Alltag,Ich fahre gern ___.
das Auto,car,das,die Autos,Berlin & Alltag,Mein ___ ist alt.
die Haltestelle,stop,die,die Haltestellen,Berlin & Alltag,An der ___ steige ich aus.
das Ticket,ticket,das,die Tickets,Berlin & Alltag,Zuerst kaufe ich ein ___.
der Termin,appointment,der,die Termine,Berlin & Alltag,Bei der Anmeldung bekomme ich einen ___.
das Amt,authority,das,die Ämter,Berlin & Alltag,Die Anmeldung ist im ___.
der Pass,passport,der,die Pässe,Berlin & Alltag,Am Flughafen zeige ich meinen ___.
das Formular,form,das,die Formulare,Berlin & Alltag,Ich fülle das ___ aus.
die Anmeldung,registration,die,die Anmeldungen,Berlin & Alltag,Die ___ dauert zehn Minuten.
der Brief,letter,der,die Briefe,Berlin & Alltag,Ich schreibe einen ___.
das Paket,package,das,die Pakete,Berlin & Alltag,Das ___ kommt morgen.
der Euro,euro,der,die Euro,Berlin & Alltag,Das Wasser kostet zwei ___.
das Geld,money,das,die Gelder,Berlin & Alltag,Ich habe kein ___ dabei.
die Straße,street,die,die Straßen,Berlin & Alltag,Ich wohne in einer ruhigen ___.
die Ecke,corner,die,die Ecken,Berlin & Alltag,An der ___ gibt es einen Bäcker.
der Bäcker,baker,der,die Bäcker,Berlin & Alltag,Der ___ hat frische Brötchen.
die Apotheke,pharmacy,die,die Apotheken,Berlin & Alltag,Die ___ ist bis 20 Uhr offen.
der Arzt,doctor,der,die Ärzte,Berlin & Alltag,Beim ___ habe ich einen Termin.
die Woche,week,die,die Wochen,Berlin & Alltag,Wir arbeiten fünf Tage in der ___.
der Tag,day,der,die Tage,Berlin & Alltag,Jeden ___ lerne ich Deutsch.
der Morgen,morning,der,die Morgen,Berlin & Alltag,Am ___ trinke ich Kaffee.
der Abend,evening,der,die Abende,Berlin & Alltag,Am ___ sehe ich fern.
krank,sick,,,Berlin & Alltag,Ich bleibe heute zu Hause — ich bin ___.
gesund,healthy,,,Berlin & Alltag,Gemüse ist sehr ___.
teuer,expensive,,,Berlin & Alltag,Der Laptop ist ___.
billig,cheap,,,Berlin & Alltag,Die Äpfel sind ___.
laut,loud,,,Berlin & Alltag,Die Straße ist sehr ___.
heute,today,,,Berlin & Alltag,___ lerne ich neue Wörter.
morgen,tomorrow,,,Berlin & Alltag,___ habe ich frei.
jetzt,now,,,Berlin & Alltag,Es regnet ___.
oft,often,,,Berlin & Alltag,Am Wochenende gehe ich ___ ins Kino.
immer,always,,,Berlin & Alltag,Ich trinke ___ Kaffee.
auch,also,,,Berlin & Alltag,Ich spreche Deutsch und ___ Englisch.
